special court under tnpid act,
special court to deal with mcop cases,
special court to deal with forest cases,
special court to deal with laop cases,
special court for nia cases,
spcial court to deal with laop,
special court for the exclusive trail of ec act cases,
special court for atrocities against women,
additional civil judge and judicial magistrate,
additional district and sessions judge,
additional district judge,
additional sessions judge,
chief judicial magistrate,
civil judge junior division,
civil judge senior division,
junior civil judge,
senior civil judge,
district court,
assistant sessions judge,
subdivisional judicial magistrate,
jmfc,
vacation,
taluka court,
wakf tribunal,
sub court,
special sub court,
special sessions court,
sc st,
railway court,
principal sub court,
principal sessions judge,
principal judge family court,
principal district judge,
principal civil judge,
pocso,
metropolitan magistrate court,
motor accidents claims tribunal,
mahila court,
labour court,
labour,
juvenile court,
industrial court,
fast track court,
family court,
district and sessions court,
criminal court,
cooperative court,
commercial court,
small cause court,
school tribunal,
ndps,
judicial magistrate court,
district munsiff first class court,
special magistrate court,
munsiff first class court,
munsiff judicial magistrate,
munsiff magistrate court,
metropolitan magistrate traffic court,
civil judge and judicial magistrate,
civil court,
principal district and sessions judge,
judicial magistrate,
district munsiff first class,
outlying court,
womens court,
wac,
special court for land grabing cases,
rent ,
gram nyayalaya,
district and additional sessions court,
additional chief metropolitan magistrate,
chief metropolitan magistrate,
junior division,
cantonment court,
municipal court,
city sessions court,
cbi court,
city civil and sessions court,
civil judge,
additional deputy commissioner,
railway ner,
additional metropolitan magistrate,
munsiff,
polc and poit,
msj court,
additional city civil and sessions judge,
sessions court,
civil cases,
criminal cases,
camp court,
transport tribunal,
educational tribunal,
special mobile court,
chief judge court,
munsiff magistrate court,
deputy commissioner,
acj court,
mobile and excise court,
acd court,
